FeedbackText,Sentiment
"I love T-Mobile’s 5G coverage!",1
"My calls keep dropping in downtown.",0
"Customer service was very helpful and friendly.",1
"Network is slow since yesterday.",0
"Switching to T-Mobile was a great decision!",1
"The data speed is disappointing during peak hours.",0
"T-Mobile’s pricing plans are very competitive.",1
"I faced issues with billing last month.",0
"The T-Mobile app is user-friendly and reliable.",1
"Experiencing frequent call drops in my area.",0
"Great customer support helped me resolve my issue quickly.",1
"The coverage in rural areas needs improvement.",0
"Enjoying unlimited data with no throttling.",1
"Signal strength is weak inside my office.",0
"Easy to switch plans without extra fees.",1
"Roaming charges are too high compared to competitors.",0
"Fast internet speeds wherever I go!",1
"The service outages last week were frustrating.",0
"T-Mobile rewards program is excellent.",1
"Had to wait too long on customer support calls.",0
"The new network towers improved my connectivity.",1
"App crashes often and is unreliable.",0
"Affordable family plans with great benefits.",1
"Received wrong bill twice in two months.",0
"Network upgrades made a big difference.",1
"Lost connection several times during calls.",0
"Helpful technicians and quick installations.",1
"Too many dropped calls lately.",0
"Coverage maps are accurate and helpful.",1
"Customer service wait times are unacceptable.",0
"The unlimited data plan is fantastic.",1
"Trouble connecting to the network in my area.",0
"Smooth streaming with no buffering issues.",1
"Billing errors caused a lot of frustration.",0
"T-Mobile offers excellent value for money.",1
"Internet speed drops during evening hours.",0
"Friendly staff at the local T-Mobile store.",1
"Signal cuts out frequently on calls.",0
"Easy to manage my account online.",1
"Data caps are frustrating and unclear.",0
"Great deals on new phones and plans.",1
"Customer support didn’t resolve my problem.",0
"The coverage in my building is excellent.",1
"Had issues with SIM card activation.",0
"Reliable service even in remote locations.",1
"Calls get disconnected randomly.",0
"Fast and responsive chat support.",1
"The network is unreliable during bad weather.",0
"T-Mobile made switching providers easy.",1
"Slow response times from technical support.",0
